ID	GO_ID	Expression_profile	T30
PTET.51.1.G0170001		Intermediate peak	2,951381311
PTET.51.1.G0170002		none	57,29833322
PTET.51.1.G0170003		Late repression	38,30543227
PTET.51.1.G0170004		none	152,8923734
PTET.51.1.G0170005	GO:0006468	Late induction	132,3581003
PTET.51.1.G0170006	GO:0006468	Late induction	19,94221601
PTET.51.1.G0170007	GO:0006468	none	145,0577763
PTET.51.1.G0170008		none	52,4262163
PTET.51.1.G0170009		none	69,82369351
PTET.51.1.G0170010		Early repression	92,69164797
PTET.51.1.G0170011		Late repression	2419,148349
PTET.51.1.G0170012		Early peak	173,2111065
PTET.51.1.G0170013		none	10,64322869
PTET.51.1.G0170014		none	19,91755336
PTET.51.1.G0170015		Late induction	981,4716413
PTET.51.1.G0170016		none	469,4504645
PTET.51.1.G0170017	GO:0046488	none	47,14563462
PTET.51.1.G0170018		none	175,7264992
PTET.51.1.G0170019		Early repression	88,81442506
PTET.51.1.G0170020		none	68,57082734
PTET.51.1.G0170021	GO:0006413	none	376,0995201
PTET.51.1.G0170022		none	136,3538166
PTET.51.1.G0170023		none	69,21071615
PTET.51.1.G0170024	GO:0046488	none	71,49537275
PTET.51.1.G0170025		none	119,5013588
PTET.51.1.G0170026		none	8,63093979
PTET.51.1.G0170027	GO:0006468	Late induction	90,40341371
PTET.51.1.G0170028	GO:0006468	none	10,03715594
PTET.51.1.G0170029		none	0
PTET.51.1.G0170030		none	0
PTET.51.1.G0170031		none	0
PTET.51.1.G0170032		none	80,00094772
PTET.51.1.G0170033		none	111,6670177
PTET.51.1.G0170034	GO:0055114	Early repression	7505,198572
PTET.51.1.G0170035	GO:0006468	none	66,01852766
PTET.51.1.G0170036		none	252,4421623
PTET.51.1.G0170037		none	30,81770694
PTET.51.1.G0170038		none	148,3239139
PTET.51.1.G0170039		none	14,03748456
PTET.51.1.G0170040		Early repression	469,8270385
PTET.51.1.G0170041		none	111,479076
PTET.51.1.G0170042	GO:0006508	Intermediate peak	91,6774489
PTET.51.1.G0170043		none	5534,950498
PTET.51.1.G0170044		none	331,5715331
PTET.51.1.G0170045		none	4162,786452
PTET.51.1.G0170046		Early repression	152,7295747
PTET.51.1.G0170047		Late repression	33,9501495
PTET.51.1.G0170048	GO:0055085	none	1011,086757
PTET.51.1.G0170049		Intermediate peak	67,30072898
PTET.51.1.G0170050		none	26,34089602
PTET.51.1.G0170051	GO:0000160	none	35,93611277
PTET.51.1.G0170052		none	26,29484111
PTET.51.1.G0170053		Early repression	3079,629627
PTET.51.1.G0170054		none	499,3209335
PTET.51.1.G0170055		Late repression	124,2086632
PTET.51.1.G0170056	GO:0006468	Early repression	147,8871544
PTET.51.1.G0170057		Late peak	126,6996353
PTET.51.1.G0170058		none	0
PTET.51.1.G0170059		Early peak	989,1192168
PTET.51.1.G0170060		none	116,0793842
PTET.51.1.G0170061		Late induction	948,9890725
PTET.51.1.G0170062		Early repression	1302,974664
PTET.51.1.G0170063		none	68,2574005
PTET.51.1.G0170064		none	212,1967814
PTET.51.1.G0170065	GO:0015992	Late repression	7265,467022
PTET.51.1.G0170066		none	821,6256723
PTET.51.1.G0170067		none	6,359711597
PTET.51.1.G0170068		none	80,49167186
PTET.51.1.G0170069		none	139,8726247
PTET.51.1.G0170070	GO:0007155	none	4288,852075
PTET.51.1.G0170071		none	172,7350461
PTET.51.1.G0170072		none	139,8111801
PTET.51.1.G0170073		Late induction	226,5166476
PTET.51.1.G0170074		none	2621,812065
PTET.51.1.G0170075		Late repression	36,87118509
PTET.51.1.G0170076		Late induction	104,000296
PTET.51.1.G0170077		Early peak	1471,723529
PTET.51.1.G0170078		Late repression	35,23765157
PTET.51.1.G0170079		none	201,0922373
PTET.51.1.G0170080	GO:0008152	Early repression	578,9326375
PTET.51.1.G0170081		none	44,73703791
PTET.51.1.G0170082		none	6,333700506
PTET.51.1.G0170083	GO:0006468	none	61,0151003
PTET.51.1.G0170084		Early peak	646,9663944
PTET.51.1.G0170085		none	54,74812332
PTET.51.1.G0170086	GO:0006812	none	208,7414161
PTET.51.1.G0170087		Early repression	264,6144985
PTET.51.1.G0170088		Late repression	104,0852407
PTET.51.1.G0170089		Late repression	1790,263632
PTET.51.1.G0170090		none	432,8356511
PTET.51.1.G0170091		Early repression	193,128166
PTET.51.1.G0170092		none	280,9553473
PTET.51.1.G0170093	GO:0007165	Late induction	64,74939821
PTET.51.1.G0170094		Late repression	1225,014192
PTET.51.1.G0170095		Early repression	790,3290496
PTET.51.1.G0170096		Early repression	385,1954395
PTET.51.1.G0170097	GO:0006468	none	552,2380151
PTET.51.1.G0170098	GO:0006412	Late repression	637,8871919
PTET.51.1.G0170099	GO:0006779	Early repression	283,9534852
PTET.51.1.G0170100		none	29,21867498
PTET.51.1.G0170101		none	579,6633853
PTET.51.1.G0170102	GO:0006468	none	11,61365925
PTET.51.1.G0170103		Late repression	96,89500261
PTET.51.1.G0170104		none	162,7698182
PTET.51.1.G0170105	GO:0006468	Intermediate peak	205,4586291
PTET.51.1.G0170106		none	289,4560325
PTET.51.1.G0170107		Early repression	44,81706839
PTET.51.1.G0170108		Late repression	87,86324958
PTET.51.1.G0170109		none	449,2699472
PTET.51.1.G0170110		Early repression	1766,320254
PTET.51.1.G0170111		none	78,3664792
PTET.51.1.G0170112		none	33,76987046
PTET.51.1.G0170113		none	271,8873309
PTET.51.1.G0170114	GO:0006468	none	44,47232171
PTET.51.1.G0170115		Late induction	714,4558245
PTET.51.1.G0170116		Intermediate peak	166,0327451
PTET.51.1.G0170117		none	278,5594957
PTET.51.1.G0170118		Early peak	6,145197515
PTET.51.1.G0170119		none	24,93703339
PTET.51.1.G0170120		none	45,7122322
PTET.51.1.G0170121		Early peak	0
PTET.51.1.G0170122	GO:0006468	Late repression	206,3148945
PTET.51.1.G0170123	GO:0006468	Intermediate peak	61,22331664
PTET.51.1.G0170124		none	178,6588944
PTET.51.1.G0170125		Late repression	24,81714381
PTET.51.1.G0170126		none	243,111943
PTET.51.1.G0170127		none	142,9467484
PTET.51.1.G0170128	GO:0032313	none	81,77371743
PTET.51.1.G0170129	GO:0006355	Late induction	602,9046529
PTET.51.1.G0170130	GO:0006468	none	502,392123
PTET.51.1.G0170131		none	0
PTET.51.1.G0170132		Late repression	50,74615966
PTET.51.1.G0170133		Early repression	681,4928465
PTET.51.1.G0170134		Early repression	1015,453276
PTET.51.1.G0170135		none	0
PTET.51.1.G0170136		none	4,650419741
PTET.51.1.G0170137	GO:0030163	Early repression	250,5775506
PTET.51.1.G0170138		Late repression	95,44259891
PTET.51.1.G0170139		none	1291,044151
PTET.51.1.G0170140		none	18,6496833
PTET.51.1.G0170141		Early peak	32,8546178
PTET.51.1.G0170142		none	109,6075799
PTET.51.1.G0170143		none	48,99004635
PTET.51.1.G0170144		none	109,7784689
PTET.51.1.G0170145	GO:0006812	Early repression	196,9568801
PTET.51.1.G0170146		Late repression	87,20939997
PTET.51.1.G0170147	GO:0006508	Intermediate peak	372,8912936
PTET.51.1.G0170148		none	6117,416584
PTET.51.1.G0170149		none	7130,867248
PTET.51.1.G0170150		Early repression	76,12115632
PTET.51.1.G0170151	GO:0015031	none	14603,3476
PTET.51.1.G0170152		Late induction	1455,105352
PTET.51.1.G0170153		none	122,9039503
PTET.51.1.G0170154	GO:0006468	none	244,3696629
PTET.51.1.G0170155		none	378,0355989
PTET.51.1.G0170156	GO:0055085	none	143,6249469
PTET.51.1.G0170157		none	24,68239762
PTET.51.1.G0170158		none	17,50009089
PTET.51.1.G0170159		none	202,0780823
PTET.51.1.G0170160		none	273,2266149
PTET.51.1.G0170161		Late induction	1757,308317
PTET.51.1.G0170162		none	3588,858457
PTET.51.1.G0170163		none	153,2226193
PTET.51.1.G0170164		none	115,2672
PTET.51.1.G0170165	GO:0070588	none	65,46058785
PTET.51.1.G0170166		none	4,113120249
PTET.51.1.G0170167	GO:0006468	none	578,5703461
PTET.51.1.G0170168	GO:0015914	Late repression	135,5726715
PTET.51.1.G0170169		none	5467,259325
PTET.51.1.G0170170		none	1147,463694
PTET.51.1.G0170171		none	4448,212601
PTET.51.1.G0170172		none	714,946081
PTET.51.1.G0170173	GO:0006468	none	0
PTET.51.1.G0170174	GO:0006468	none	178,0197042
PTET.51.1.G0170175	GO:0000413	Late induction	871,128846
PTET.51.1.G0170176		Late induction	54,50775668
PTET.51.1.G0170177		none	1,644985951
PTET.51.1.G0170178		none	8,427699449
PTET.51.1.G0170179	GO:0006508	Early repression	321,6269582
PTET.51.1.G0170180	GO:0006468	none	60,29551358
PTET.51.1.G0170181	GO:0006468	Late induction	58,38892456
PTET.51.1.G0170182		Late repression	67,8369237
PTET.51.1.G0170183		none	59,80760506
PTET.51.1.G0170184		Late repression	653,2471966
PTET.51.1.G0170185	GO:0006468	none	40,23871043
PTET.51.1.G0170186		Early peak	122,3044188
PTET.51.1.G0170187		Early peak	192,5300321
PTET.51.1.G0170188		none	554,9667215
PTET.51.1.G0170189		none	142,3098372
PTET.51.1.G0170190	GO:0006629	Late repression	416,0390437
PTET.51.1.G0170191		Late repression	751,5713839
PTET.51.1.G0170192		none	98,76685681
PTET.51.1.G0170193	GO:0006811	none	86,94034986
PTET.51.1.G0170194		Late induction	108,5186016
PTET.51.1.G0170195		Late repression	149,7319683
PTET.51.1.G0170196		none	448,9994019
PTET.51.1.G0170197		none	23,91644438
PTET.51.1.G0170198	GO:0006468	none	146,4266269
PTET.51.1.G0170199		none	8431,642233
PTET.51.1.G0170200	GO:0006468	none	32,62335271
PTET.51.1.G0170201		Late induction	59,98614822
PTET.51.1.G0170202		Early peak	10,27256898
PTET.51.1.G0170203	GO:0006468	none	221,1863914
PTET.51.1.G0170204		none	0
PTET.51.1.G0170205		none	219,3362805
PTET.51.1.G0170206	GO:0006412	Early repression	553,4820593
PTET.51.1.G0170207	GO:0006508	none	64,91721837
PTET.51.1.G0170208		none	269,6426283
PTET.51.1.G0170209		none	72,57857381
PTET.51.1.G0170210		none	436,5152383
PTET.51.1.G0170211		Early peak	35,26200623
PTET.51.1.G0170212	GO:0006412	Early repression	15730,30102
PTET.51.1.G0170213		Late induction	348,9254564
PTET.51.1.G0170214		none	33,94716461
PTET.51.1.G0170215		none	115,4433271
PTET.51.1.G0170216		none	84,90858611
PTET.51.1.G0170217	GO:0034453	none	231,0250478
PTET.51.1.G0170218		Late repression	340,090383
PTET.51.1.G0170219		none	38,71474435
PTET.51.1.G0170220	GO:0006468	Intermediate peak	1003,519539
PTET.51.1.G0170221	GO:0006511	Late repression	1800,288938
PTET.51.1.G0170222		Late induction	40,02098482
PTET.51.1.G0170223		Early repression	82,43061438
PTET.51.1.G0170224		none	154,1981283
PTET.51.1.G0170225		none	3817,167418
PTET.51.1.G0170226		none	352,271358
PTET.51.1.G0170227		Early peak	155,6470638
PTET.51.1.G0170228		none	26,45584437
PTET.51.1.G0170229		Late induction	618,7144722
PTET.51.1.G0170230		none	43,50735098
PTET.51.1.G0170231		Early repression	3809,83577
PTET.51.1.G0170232		Early peak	631,9557884
PTET.51.1.G0170233		Intermediate peak	73,92765252
PTET.51.1.G0170234		none	17,86834354
PTET.51.1.G0170235		none	94,89509443
PTET.51.1.G0170236		none	68,97218505
PTET.51.1.G0170237		none	695,9436186
PTET.51.1.G0170238		Early repression	441,4492143
PTET.51.1.G0170239	GO:0006468	none	79,21828876
PTET.51.1.G0170240		Late induction	82,71399385
PTET.51.1.G0170241		none	195,1474918
PTET.51.1.G0170242		none	131,2741331
PTET.51.1.G0170243		Early repression	979,666258
PTET.51.1.G0170244		none	555,5675177
PTET.51.1.G0170245		Early repression	89,26476534
PTET.51.1.G0170246		Intermediate peak	98,83659711
PTET.51.1.G0170247		Late repression	107,1764109
PTET.51.1.G0170248		none	131,395496
PTET.51.1.G0170249		none	246,4627167
PTET.51.1.G0170250	GO:0016311	Late repression	14,76765281
PTET.51.1.G0170251		Intermediate peak	134,5044479
PTET.51.1.G0170252	GO:0006468	none	25,35702554
PTET.51.1.G0170253		none	722,1186816
PTET.51.1.G0170254		none	69,00314331
PTET.51.1.G0170255		Early peak	34,21836741
PTET.51.1.G0170256		Early repression	186,4239399
PTET.51.1.G0170257		Late repression	278,7461593
PTET.51.1.G0170258	GO:0006468	none	313,4166607
PTET.51.1.G0170259		Early repression	4751,545232
PTET.51.1.G0170260	GO:0006468	Late repression	92,59131682
PTET.51.1.G0170261		Early peak	66,64816748
PTET.51.1.G0170262		none	87,74894353
PTET.51.1.G0170263		Late repression	42,58621878
PTET.51.1.G0170264		Late repression	137,3570329
PTET.51.1.G0170265		Late induction	52,126444
PTET.51.1.G0170266	GO:0006468	none	33,90809195
PTET.51.1.G0170267		none	7074,074413
PTET.51.1.G0170268		none	742,3652008
PTET.51.1.G0170269		none	22,07765462
PTET.51.1.G0170270		none	47,45491003
PTET.51.1.G0170271		none	46,40386473
PTET.51.1.G0170272		none	199,3104535
PTET.51.1.G0170273		Late induction	1178,742697
PTET.51.1.G0170274		none	1007,827784
PTET.51.1.G0170275		none	110,5764159
PTET.51.1.G0170276	GO:0007165	none	366,1028285
PTET.51.1.G0170277		Early repression	99,3247544
PTET.51.1.G0170278		none	43,01638261
PTET.51.1.G0170279	GO:0007018	none	912,2092606
PTET.51.1.G0170280		none	2,060665035
PTET.51.1.G0170281		none	6,493038884
PTET.51.1.G0170282		Late peak	329,8206603
PTET.51.1.G0170283	GO:0006468	Intermediate peak	1812,129901
PTET.51.1.G0170284		none	657,690114
PTET.51.1.G0170285		none	101,6135022
PTET.51.1.G0170286	GO:0006468	Late induction	158,5995324
PTET.51.1.G0170287		Early repression	530,6964955
PTET.51.1.G0170288		none	44,2082723
PTET.51.1.G0170289		none	848,2142388
PTET.51.1.G0170290		none	713,8513544
PTET.51.1.G0170291		Intermediate peak	30,44846253
PTET.51.1.G0170292		Early repression	8,957858417
PTET.51.1.G0170293		none	241,9671522
PTET.51.1.G0170294	GO:0006464	Late induction	280,33653
PTET.51.1.G0170295	GO:0006511	Late induction	37,69500993
PTET.51.1.G0170296	GO:0006468	none	1245,856089
PTET.51.1.G0170297		none	181,9024539
PTET.51.1.G0170298	GO:0006222	Intermediate peak	177,9124174
PTET.51.1.G0170299		none	8,62724108
PTET.51.1.G0170300		none	0
PTET.51.1.G0170301		Late repression	975,617351
PTET.51.1.G0170302		none	164,9644133
PTET.51.1.G0170303		Late induction	46,3996936
PTET.51.1.G0170304		none	312,5488034
PTET.51.1.G0170305		Late repression	82,25872269
PTET.51.1.G0170306		none	166,4511081
PTET.51.1.G0170307	GO:0006457	Early repression	833,5305613
PTET.51.1.G0170308		none	389,230858
PTET.51.1.G0170309		Late repression	98,09640019
PTET.51.1.G0170310		none	28,30320735
PTET.51.1.G0170311	GO:0006812	none	210,030167
PTET.51.1.G0170312		none	391,4802325
PTET.51.1.G0170313	GO:0006468	Late induction	415,6184836
PTET.51.1.G0170314		none	14,77863451
PTET.51.1.G0170315		none	13,06826813
PTET.51.1.G0170316	GO:0007165	none	122,6999603
PTET.51.1.G0170317		none	3412,341204
PTET.51.1.G0170318		none	20,42994425
PTET.51.1.G0170319		Late induction	801,7283283
PTET.51.1.G0170320		none	195,7325365
PTET.51.1.G0170321	GO:0006468	Late repression	44,00364385
PTET.51.1.G0170322		Intermediate peak	219,8615111
PTET.51.1.G0170323		none	346,7884436
PTET.51.1.G0170324		none	154,2836823
PTET.51.1.G0170325		none	191,0540864
PTET.51.1.G0170326		none	10885,43385
PTET.51.1.G0170327		none	89,27568541
PTET.51.1.G0170328		Early repression	103,8857183
PTET.51.1.G0170329		none	833,8807411
PTET.51.1.G0170330		Early peak	139,0428529
PTET.51.1.G0170331		none	257,1131876
PTET.51.1.G0170332		none	99,02620342
PTET.51.1.G0170333		none	120,8437107
PTET.51.1.G0170334	GO:0006508	none	374,4771635
PTET.51.1.G0170335		Intermediate peak	131,4126853
PTET.51.1.G0170336	GO:0007165	Late induction	29,55323996
PTET.51.1.G0170337		none	585,0228034
PTET.51.1.G0170338		Late repression	27,53048487
PTET.51.1.G0170339		none	170,5847599
PTET.51.1.G0170340		none	50,98237938
PTET.51.1.G0170341		none	6,019785321
PTET.51.1.G0170342		Late repression	77,56429294
PTET.51.1.G0170343		Early repression	175,9430635
PTET.51.1.G0170344		none	42,51812335
PTET.51.1.G0170345		none	20,85642793
PTET.51.1.G0170346		Intermediate peak	50,44266364
PTET.51.1.G0170347		Late repression	123,9465575
PTET.51.1.G0170348		none	209,0922901
PTET.51.1.G0170349		none	1850,730531
PTET.51.1.G0170350		none	129,0491478
PTET.51.1.G0170351	GO:0032313	none	204,5459192
PTET.51.1.G0170352		Early repression	201,0697428
PTET.51.1.G0170353		none	0
PTET.51.1.G0170354		Early peak	44,54488351
PTET.51.1.G0170355		Early peak	55,02235755
PTET.51.1.G0170356	GO:0006508	none	253,7159296
PTET.51.1.G0170357		none	87,44977546
PTET.51.1.G0170358		none	1,901276579
PTET.51.1.G0170359	GO:0015671	Late repression	7,704426735
PTET.51.1.G0170360		none	61,17684121
PTET.51.1.G0170361	GO:0008299	Early repression	354,3383381
PTET.51.1.G0170362		none	29,49694807
PTET.51.1.G0170363		Late induction	27,38663587
PTET.51.1.G0170364		none	17,71745315
PTET.51.1.G0180001		none	3489,952647
PTET.51.1.G0180002		Late peak	16,84957061
PTET.51.1.G0180003		none	0
PTET.51.1.G0180004		Late induction	20,59133841
PTET.51.1.G0180005		Late induction	65,48762725
PTET.51.1.G0180006		Intermediate peak	218,7054782
PTET.51.1.G0180007		none	6,412380016
PTET.51.1.G0180008		none	12,25359744
PTET.51.1.G0180009		none	0
PTET.51.1.G0180010		Early peak	5,735517681
PTET.51.1.G0180011		Early peak	9,056080549
PTET.51.1.G0180012	GO:0017038	Intermediate peak	65,66458405
PTET.51.1.G0180013		none	126,3581864
PTET.51.1.G0180014		none	46,8205525
PTET.51.1.G0180015		none	115,9884634
PTET.51.1.G0180016		none	26,26954663
PTET.51.1.G0180017		Late induction	32,92654882
PTET.51.1.G0180018		Early peak	200,2467025
PTET.51.1.G0180019	GO:0006468	Intermediate peak	115,7309084
PTET.51.1.G0180020		Early peak	126,6402304
PTET.51.1.G0180021		none	56,27707198
PTET.51.1.G0180022	GO:0000160	none	39,61600854
PTET.51.1.G0180023		none	143,1059023
PTET.51.1.G0180024		Late repression	262,0784592
PTET.51.1.G0180025	GO:0006468	none	643,5821221
PTET.51.1.G0180026	GO:0032313	none	123,1740689
PTET.51.1.G0180027		none	24,71153894
PTET.51.1.G0180028		none	313,389084
PTET.51.1.G0180029		Late repression	79,99840292
PTET.51.1.G0180030		Early repression	161,7869844
PTET.51.1.G0180031		Intermediate peak	144,8850093
PTET.51.1.G0180032		none	163,3533517
PTET.51.1.G0180033		none	5,541987943
PTET.51.1.G0180034		none	119,2726972
PTET.51.1.G0180035		none	21,83308845
PTET.51.1.G0180036	GO:0006468	Late induction	2203,108088
PTET.51.1.G0180037	GO:0006468	none	43,87975746
PTET.51.1.G0180038		none	84,84337214
PTET.51.1.G0180039		none	33,03658184
PTET.51.1.G0180040		none	78,51609537
PTET.51.1.G0180041		Early peak	2,59395272
PTET.51.1.G0180042		Late induction	26,94815688
PTET.51.1.G0180043		none	157,2615849
PTET.51.1.G0180044		none	33,76987046
PTET.51.1.G0180045		none	128,7116174
PTET.51.1.G0180046		none	16,53482575
PTET.51.1.G0180047		Early peak	54,00849647
PTET.51.1.G0180048		none	493,6463033
PTET.51.1.G0180049		none	33,11721506
PTET.51.1.G0180050		none	33,77673286
PTET.51.1.G0180051		Late induction	22,90571245
PTET.51.1.G0180052	GO:0006094	Early repression	1489,753217
PTET.51.1.G0180053		none	49,73769239
PTET.51.1.G0180054		none	31,00279827
PTET.51.1.G0180055	GO:0006355	none	67,79895527
PTET.51.1.G0180056		Early repression	5154,12247
PTET.51.1.G0180057		none	29,05611881
PTET.51.1.G0180058		none	16,43066073
PTET.51.1.G0180059		none	194,4924725
PTET.51.1.G0180060		none	44,26928695
PTET.51.1.G0180061	GO:0006412	none	6094,771328
PTET.51.1.G0180062		none	157,0248372
PTET.51.1.G0180063		none	30,36450537
PTET.51.1.G0180064		none	0
PTET.51.1.G0180065		none	225,2494216
PTET.51.1.G0180066	GO:0001510	Intermediate peak	820,9533889
PTET.51.1.G0180067	GO:0006468	none	150,0304124
PTET.51.1.G0180068		none	4739,017738
PTET.51.1.G0180069		none	14,08723641
PTET.51.1.G0180070		none	76,51238815
PTET.51.1.G0180071	GO:0006464	none	27,94783927
PTET.51.1.G0180072		none	39,01275847
PTET.51.1.G0180073		Late induction	72,99749776
PTET.51.1.G0180074		none	79,67021344
PTET.51.1.G0180075		none	48,24267208
PTET.51.1.G0180076		none	21,5081913
PTET.51.1.G0180077		none	0
PTET.51.1.G0180078		none	405,6889877
PTET.51.1.G0180079		none	144,3194646
PTET.51.1.G0180080		none	7,112406663
PTET.51.1.G0180081		Late induction	461,8415715
PTET.51.1.G0180082	GO:0070588	Intermediate peak	22,46987764
PTET.51.1.G0180083		none	206,2381256
PTET.51.1.G0180084		Late repression	770,2367376
PTET.51.1.G0180085		Early peak	120,0099378
PTET.51.1.G0180086		none	5,462397791
PTET.51.1.G0180087		Late induction	167,5075031
PTET.51.1.G0180088	GO:0006468	none	56,31235541
PTET.51.1.G0180089		none	149,4913355
PTET.51.1.G0180090		Late repression	161,9247862
PTET.51.1.G0180091		none	109,6808946
PTET.51.1.G0180092		Late repression	584,269826
PTET.51.1.G0180093		none	1107,411372
PTET.51.1.G0180094		Intermediate peak	94,98640141
PTET.51.1.G0180095		none	17,95466404
PTET.51.1.G0180096		none	111,269043
PTET.51.1.G0180097		none	12,80884842
PTET.51.1.G0180098		Early repression	447,7768331
PTET.51.1.G0180099		none	215,9925961
PTET.51.1.G0180100		none	67,24762932
PTET.51.1.G0180101	GO:0006468	none	113,4498003
PTET.51.1.G0180102	GO:0006281	Early peak	66,77834298
PTET.51.1.G0180103	GO:0006508	Early repression	677,1611197
PTET.51.1.G0180104		none	23,1998468
PTET.51.1.G0180105	GO:0015031	none	4976,322119
PTET.51.1.G0180106		Intermediate peak	1844,028951
PTET.51.1.G0180107		none	15,36299379
PTET.51.1.G0180108		none	157,2487764
PTET.51.1.G0180109		Late induction	278,6547971
PTET.51.1.G0180110		none	0
PTET.51.1.G0180111	GO:0006412	none	20006,78079
PTET.51.1.G0180112		Intermediate peak	1520,671201
PTET.51.1.G0180113	GO:0006412	Early repression	64038,0154
PTET.51.1.G0180114		Late induction	309,5676792
PTET.51.1.G0180115		Late induction	48,33948012
PTET.51.1.G0180116		none	0
PTET.51.1.G0180117	GO:0006468	Early peak	52,27307253
PTET.51.1.G0180118	GO:0006414	none	81362,20679
PTET.51.1.G0180119		none	0
PTET.51.1.G0180120		none	76,2446063
PTET.51.1.G0180121	GO:0000042	none	338,1977667
PTET.51.1.G0180122		none	206,06787
PTET.51.1.G0180123		Late induction	477,5054391
PTET.51.1.G0180124		Intermediate peak	371,2121154
PTET.51.1.G0180125	GO:0000226	Early peak	53,09242855
PTET.51.1.G0180126		Late peak	31,35250446
PTET.51.1.G0180127	GO:0006468	none	178,1752066
PTET.51.1.G0180128	GO:0006412	none	9036,549965
PTET.51.1.G0180129		none	16,88493523
PTET.51.1.G0180130		Early repression	162,0678391
PTET.51.1.G0180131		none	1368,265098
PTET.51.1.G0180132		none	8,823873355
PTET.51.1.G0180133		none	179,8333951
PTET.51.1.G0180134	GO:0006457	Early peak	31,46064551
PTET.51.1.G0180135		none	48,10013691
PTET.51.1.G0180136	GO:0006412	Early repression	3837,897915
PTET.51.1.G0180137	GO:0030036	Early repression	1734,055098
PTET.51.1.G0180138		none	88,988683
PTET.51.1.G0180139	GO:0045454	none	645,8422683
PTET.51.1.G0180140		Late induction	48,63770462
PTET.51.1.G0180141		none	1,153511936
PTET.51.1.G0180142		none	0
PTET.51.1.G0180143		none	0
PTET.51.1.G0180144		none	246,8218786
PTET.51.1.G0180145	GO:0006511	none	416,2176004
PTET.51.1.G0180146	GO:0006468	Intermediate peak	2404,840044
PTET.51.1.G0180147		Late repression	89,66350576
PTET.51.1.G0180148		Early peak	111,4151028
PTET.51.1.G0180149		none	3107,586737
PTET.51.1.G0180150		Early repression	201,9899705
PTET.51.1.G0180151		Late induction	326,1996198
PTET.51.1.G0180152		none	1710,725719
PTET.51.1.G0180153	GO:0015991	Late induction	570,9884082
PTET.51.1.G0180154		Late induction	106,3757026
PTET.51.1.G0180155	GO:0006468	none	101,8877461
PTET.51.1.G0180156	GO:0006396	none	23,56648178
PTET.51.1.G0180157		none	0
PTET.51.1.G0180158	GO:0006596	Early repression	141,0098005
PTET.51.1.G0180159		none	94,98017279
PTET.51.1.G0180160		none	47,14124121
PTET.51.1.G0180161		Early peak	168,1008869
PTET.51.1.G0180162		none	780,4592283
PTET.51.1.G0180163		Early peak	167,3750784
PTET.51.1.G0180164	GO:0006813	Late induction	23,34850771
PTET.51.1.G0180165		Late induction	250,5808695
PTET.51.1.G0180166		none	14,70281313
PTET.51.1.G0180167		none	15,90627794
PTET.51.1.G0180168		none	220,2335756
PTET.51.1.G0180169		none	877,8433049
PTET.51.1.G0180170		Late induction	339,3381491
PTET.51.1.G0180171		none	246,0081514
PTET.51.1.G0180172		Late repression	501,9457651
PTET.51.1.G0180173		Late repression	94,52792156
PTET.51.1.G0180174		Early repression	116,8151307
PTET.51.1.G0180175		Intermediate peak	213,6359842
PTET.51.1.G0180176		none	576,7750342
PTET.51.1.G0180177		none	125,2375696
PTET.51.1.G0180178	GO:0007275	none	165,4295122
PTET.51.1.G0180179		none	42,29080507
PTET.51.1.G0180180	GO:0006355	Late repression	50,67570001
PTET.51.1.G0180181		Late induction	63,43744035
PTET.51.1.G0180182		none	119,7804245
PTET.51.1.G0180183		none	15,64929479
PTET.51.1.G0180184		none	57,79118714
PTET.51.1.G0180185	GO:0008152	none	2682,995061
PTET.51.1.G0180186	GO:0032012	Late repression	181,1252509
PTET.51.1.G0180187	GO:0006468	Late repression	64,0195652
PTET.51.1.G0180188		none	355,8549647
PTET.51.1.G0180189		none	314,252114
PTET.51.1.G0180190		Late peak	46,36157775
PTET.51.1.G0180191		Late repression	168,0640065
PTET.51.1.G0180192	GO:0006508	none	3000,990719
PTET.51.1.G0180193		Early peak	116,6259489
PTET.51.1.G0180194		none	1947,911665
PTET.51.1.G0180195		Late repression	74,01582767
PTET.51.1.G0180196		Late repression	241,0433422
PTET.51.1.G0180197	GO:0006468	none	326,5163624
PTET.51.1.G0180198		Intermediate peak	143,6159038
PTET.51.1.G0180199		Intermediate peak	90,53026221
PTET.51.1.G0180200	GO:0015671	Early repression	571,1111223
PTET.51.1.G0180201	GO:0006412	Early repression	417,4769667
PTET.51.1.G0180202		none	14,70645559
PTET.51.1.G0180203		Early repression	209,4103819
PTET.51.1.G0180204		Late induction	253,0060136
PTET.51.1.G0180205		Late repression	162,7215745
PTET.51.1.G0180206		Late repression	65,85057021
PTET.51.1.G0180207		Intermediate peak	17,03619113
PTET.51.1.G0180208		Early peak	20,3315944
PTET.51.1.G0180209		none	826,9367175
PTET.51.1.G0180210		Early repression	207,2820553
PTET.51.1.G0180211	GO:0008152	none	102,3092343
PTET.51.1.G0180212		none	65,01712791
PTET.51.1.G0180213		none	132,9613193
PTET.51.1.G0180214		Early repression	3637,364621
PTET.51.1.G0180215		none	31,35250446
PTET.51.1.G0180216		none	247,2503895
PTET.51.1.G0180217		Late induction	128,9681377
PTET.51.1.G0180218	GO:0006468	Late repression	44,19776953
PTET.51.1.G0180219		Intermediate peak	60,81734384
PTET.51.1.G0180220		none	258,8586507
PTET.51.1.G0180221		Early peak	146,4160104
PTET.51.1.G0180222		Early peak	57,35517681
PTET.51.1.G0180223	GO:0006030	Late induction	356,5814923
PTET.51.1.G0180224		Late repression	19,00723883
PTET.51.1.G0180225	GO:0006355	Early peak	865,3542856
PTET.51.1.G0180226		none	103,7002081
PTET.51.1.G0180227		none	58,43734996
PTET.51.1.G0180228		Late repression	465,5035786
PTET.51.1.G0180229		none	1039,89604
PTET.51.1.G0180230		Late induction	311,2276411
PTET.51.1.G0180231		none	350,064355
PTET.51.1.G0180232	GO:0007018	Early repression	62,50059104
PTET.51.1.G0180233	GO:0006468	Intermediate peak	448,5918969
PTET.51.1.G0180234		none	27,38263373
PTET.51.1.G0180235	GO:0044237	Early repression	146,6684042
PTET.51.1.G0180236		none	33,69656983
PTET.51.1.G0180237	GO:0006810	none	14,89152066
PTET.51.1.G0180238		none	41,95237314
PTET.51.1.G0180239		none	326,4578558
PTET.51.1.G0180240		Early peak	251,0663542
PTET.51.1.G0180241		none	30,34375041
PTET.51.1.G0180242	GO:0055085	none	170,7155896
PTET.51.1.G0180243		none	717,1637538
PTET.51.1.G0180244		Early repression	103,4191777
PTET.51.1.G0180245	GO:0007017	none	274,8042944
PTET.51.1.G0180246		none	23,5263862
PTET.51.1.G0180247		none	191865,2358
PTET.51.1.G0180248	GO:0006886	Late repression	1308,710181
PTET.51.1.G0180249	GO:0007155	none	1913,111717
PTET.51.1.G0180250	GO:0006298	none	68,2176975
PTET.51.1.G0180251		none	19,3876654
PTET.51.1.G0180252		none	14755,02891
PTET.51.1.G0180253	GO:0006412	Early repression	4042,653029
PTET.51.1.G0180254		Late repression	170,0252277
PTET.51.1.G0180255		none	0
PTET.51.1.G0180256		none	30557,61229
PTET.51.1.G0180257		Intermediate peak	126,181389
PTET.51.1.G0180258		none	197,9028465
PTET.51.1.G0180259		Intermediate peak	82,02575971
PTET.51.1.G0180260		Early repression	1470,806726
PTET.51.1.G0180261	GO:0006003	Early repression	1167,530363
PTET.51.1.G0180262		none	51464,96299
PTET.51.1.G0180263		none	0
PTET.51.1.G0180264		Early peak	84,21173095
PTET.51.1.G0180265		Late induction	658,2070072
PTET.51.1.G0180266	GO:0006508	Late induction	563,188281
PTET.51.1.G0180267		none	18,28715782
PTET.51.1.G0180268		none	63,17242441
PTET.51.1.G0180269		Late repression	57,17367308
PTET.51.1.G0180270		none	112,0049207
PTET.51.1.G0180271	GO:0006412	Early repression	8925,730035
PTET.51.1.G0180272		none	184,6381683
PTET.51.1.G0180273		Early repression	22,7973258
PTET.51.1.G0180274		Early repression	6037,315159
PTET.51.1.G0180275	GO:0006468	none	526,9596561
PTET.51.1.G0180276		none	42,36392954
PTET.51.1.G0180277		Late induction	13951,51521
PTET.51.1.G0180278		none	73,10482808
PTET.51.1.G0180279		none	149,1054518
PTET.51.1.G0180280		Late induction	82,99631468
PTET.51.1.G0180281		none	0,374870437
PTET.51.1.G0180282	GO:0008152	Late induction	14,37030804
PTET.51.1.G0180283		none	2650,006783
PTET.51.1.G0180284		none	239,2826833
PTET.51.1.G0180285		Early peak	22,68996006
PTET.51.1.G0180286		Late repression	1608,462106
PTET.51.1.G0180287		Late repression	123,7910335
PTET.51.1.G0180288		none	830,140717
PTET.51.1.G0180289		none	1084,012842
PTET.51.1.G0180290		Late peak	621,5511359
PTET.51.1.G0180291	GO:0006422	Late induction	44,7414898
PTET.51.1.G0180292		Late repression	241,5920093
PTET.51.1.G0180293		Early peak	85,88817233
PTET.51.1.G0180294	GO:0006468	none	155,5097893
PTET.51.1.G0180295		none	8,090151191
PTET.51.1.G0180296		none	0
PTET.51.1.G0180297		none	0
PTET.51.1.G0180298		Late induction	114,5383741
PTET.51.1.G0180299		none	128,6982507
PTET.51.1.G0180300		Late repression	107,5272133
PTET.51.1.G0180301		none	5319,103383
PTET.51.1.G0180302		Intermediate peak	101,2914066
PTET.51.1.G0180303	GO:0006606	Early peak	21,33043766
PTET.51.1.G0180304		Late repression	187,2072971
PTET.51.1.G0180305		Intermediate peak	63,39256384
PTET.51.1.G0180306		Late repression	16,80640065
PTET.51.1.G0180307	GO:0006629	none	576,722979
PTET.51.1.G0180308	GO:0006812	none	95,0179104
PTET.51.1.G0180309		none	35,68179202
PTET.51.1.G0180310		Early repression	165,8845356
PTET.51.1.G0180311	GO:0007155	none	405,162206
PTET.51.1.G0180312		none	158,3222772
PTET.51.1.G0180313	GO:0006812	Late repression	125,8047889
PTET.51.1.G0180314	GO:0008272	Early repression	58,33351671
PTET.51.1.G0180315		none	490,6904068
PTET.51.1.G0180316		none	127,0951449
PTET.51.1.G0180317		none	44,85244772
PTET.51.1.G0180318		none	54,46678661
PTET.51.1.G0180319		Late repression	606,0701049
PTET.51.1.G0180320		Early repression	7131,55545
PTET.51.1.G0180321		Early repression	622,8107461
PTET.51.1.G0180322		Late repression	274,2651012
PTET.51.1.G0180323		none	66,73263918
PTET.51.1.G0180324		none	483,1916941
PTET.51.1.G0180325	GO:0006508	none	179,6430672
PTET.51.1.G0180326		Early peak	20,62992459
PTET.51.1.G0180327	GO:0006412	Early repression	28687,12277
PTET.51.1.G0180328		none	79,33760839
PTET.51.1.G0180329		none	32,01219171
PTET.51.1.G0180330		Late repression	96,69798404
PTET.51.1.G0180331		Late induction	158,65974
PTET.51.1.G0180332		none	293,1781681
PTET.51.1.G0180333	GO:0006139	none	80,89823572
PTET.51.1.G0180334		none	466,5025753
PTET.51.1.G0180335	GO:0006807	Early repression	218,5079966
PTET.51.1.G0180336		Late repression	47,51990281
PTET.51.1.G0180337		Late repression	40,51543013
PTET.51.1.G0180338		none	210,9190373
PTET.51.1.G0180339		none	522,9482708
PTET.51.1.G0180340		none	158,9065983
PTET.51.1.G0180341		none	5,688116708
PTET.51.1.G0180342		none	167,1140044
PTET.51.1.G0190001		none	84,04658959
PTET.51.1.G0190002		none	205,8686553
PTET.51.1.G0190003		none	23,76352594
PTET.51.1.G0190004		none	34,80865903
PTET.51.1.G0190005		Early peak	52,7740924
PTET.51.1.G0190006		Early peak	363,3902366
PTET.51.1.G0190007		none	0,704464812
PTET.51.1.G0190008		Early repression	399,8177234
PTET.51.1.G0190009		none	42,62173689
PTET.51.1.G0190010		none	117,7121199
PTET.51.1.G0190011		Early peak	1354,558431
PTET.51.1.G0190012		none	0
PTET.51.1.G0190013	GO:0006812	none	113,4357941
PTET.51.1.G0190014		none	27,46944166
PTET.51.1.G0190015		Intermediate peak	90,05808888
PTET.51.1.G0190016		none	243,4711527
PTET.51.1.G0190017		none	426,1623021
PTET.51.1.G0190018		none	31,9583354
PTET.51.1.G0190019		none	252,3199756
PTET.51.1.G0190020	GO:0007264	none	504,5622672
PTET.51.1.G0190021		none	340,9186355
PTET.51.1.G0190022		none	289,2643732
PTET.51.1.G0190023		none	0
PTET.51.1.G0190024		Late repression	555,61972
PTET.51.1.G0190025		none	437,1869089
PTET.51.1.G0190026	GO:0006468	none	537,2290484
PTET.51.1.G0190027		none	3,866641133
PTET.51.1.G0190028		none	987,0782146
PTET.51.1.G0190029	GO:0006468	none	48,68735266
PTET.51.1.G0190030	GO:0006470	Late repression	92,45312082
PTET.51.1.G0190031		none	55,38285298
PTET.51.1.G0190032		Early repression	2055,182708
PTET.51.1.G0190033	GO:0006412	Early repression	6411,989017
PTET.51.1.G0190034		none	54,73920523
PTET.51.1.G0190035	GO:0006855	none	106,1533313
PTET.51.1.G0190036	GO:0008299	none	961,5931513
PTET.51.1.G0190037		none	0
PTET.51.1.G0190038		Late repression	105,5291006
PTET.51.1.G0190039	GO:0017003	Early repression	716,6023267
PTET.51.1.G0190040	GO:0007264	Early repression	214,849392
PTET.51.1.G0190041		Late repression	40,22311101
PTET.51.1.G0190042		none	95,23922348
PTET.51.1.G0190043		none	556,1031393
PTET.51.1.G0190044		none	42,26170923
PTET.51.1.G0190045		none	237,2241326
PTET.51.1.G0190046		Late repression	877,8007438
PTET.51.1.G0190047	GO:0006468	Late induction	280,3689847
PTET.51.1.G0190048	GO:0006468	none	435,0983737
PTET.51.1.G0190049	GO:0006511	Late repression	360,8364522
PTET.51.1.G0190050		none	37,59038896
PTET.51.1.G0190051	GO:0006468	none	93,60217159
PTET.51.1.G0190052		Late induction	141,203654
PTET.51.1.G0190053		none	229,0188085
PTET.51.1.G0190054		none	40,38043739
PTET.51.1.G0190055		none	192,5871074
PTET.51.1.G0190056	GO:0006468	Early peak	53,90821544
PTET.51.1.G0190057		Early repression	107,4490769
PTET.51.1.G0190058		none	62,10433158
PTET.51.1.G0190059		Late induction	16,04756242
PTET.51.1.G0190060		none	0
PTET.51.1.G0190061		Late induction	356,4810601
PTET.51.1.G0190062		none	275,9027258
PTET.51.1.G0190063		none	33,7383393
PTET.51.1.G0190064		none	899,6569162
PTET.51.1.G0190065		none	0
PTET.51.1.G0190066	GO:0035556	none	451,2396114
PTET.51.1.G0190067		Early peak	99,4156398
PTET.51.1.G0190068	GO:0006355	Intermediate peak	1015,814606
PTET.51.1.G0190069		Intermediate peak	79,68729539
PTET.51.1.G0190070		Late repression	192,227302
PTET.51.1.G0190071		none	123,2708278
PTET.51.1.G0190072	GO:0006508	none	387,0786172
PTET.51.1.G0190073	GO:0006629	Intermediate peak	1638,228703
PTET.51.1.G0190074		none	185,8105761
PTET.51.1.G0190075		none	92,91242743
PTET.51.1.G0190076	GO:0006468	Intermediate peak	171,920082
PTET.51.1.G0190077		none	351,2707094
PTET.51.1.G0190078		none	4144,045532
PTET.51.1.G0190079		Early repression	104,4701447
PTET.51.1.G0190080		none	5,832729845
PTET.51.1.G0190081	GO:0006511	none	133,0917961
PTET.51.1.G0190082		Early repression	267,7573267
PTET.51.1.G0190083		none	23,55269618
PTET.51.1.G0190084	GO:0008152	none	1217,048874
PTET.51.1.G0190085	GO:0000079	none	485,524986
PTET.51.1.G0190086	GO:0006468	none	549,3624349
PTET.51.1.G0190087	GO:0006412	Early repression	16063,26048
PTET.51.1.G0190088		none	22,00048613
PTET.51.1.G0190089		none	124,1128416
PTET.51.1.G0190090	GO:0006412	Early repression	1738,00645
PTET.51.1.G0190091		none	45,88414145
PTET.51.1.G0190092		none	79,50349285
PTET.51.1.G0190093		Early peak	38,23678454
PTET.51.1.G0190094		none	133,6958954
PTET.51.1.G0190095		Late repression	43,1161886
PTET.51.1.G0190096	GO:0006468	Late induction	578,4961799
PTET.51.1.G0190097		none	269,8046978
PTET.51.1.G0190098		none	76,70391115
PTET.51.1.G0190099		none	53,93098715
PTET.51.1.G0190100		none	89,17376554
PTET.51.1.G0190101		Early peak	15,07667374
PTET.51.1.G0190102		Intermediate peak	1725,434902
PTET.51.1.G0190103		none	9,003428918
PTET.51.1.G0190104		none	48,91638521
PTET.51.1.G0190105		none	1275,704597
PTET.51.1.G0190106		none	0
PTET.51.1.G0190107		Late repression	122,6465377
PTET.51.1.G0190108		none	434,4157918
PTET.51.1.G0190109		none	136,2549378
PTET.51.1.G0190110		Late repression	181,3748509
PTET.51.1.G0190111		none	1795,912594
PTET.51.1.G0190112		Late induction	101,7746644
PTET.51.1.G0190113	GO:0035023	none	131,0881318
PTET.51.1.G0190114		none	155,2964321
PTET.51.1.G0190115		Early repression	1005,890674
PTET.51.1.G0190116		Early repression	429,323115
PTET.51.1.G0190117		Intermediate peak	41,2957273
PTET.51.1.G0190118		none	3467,112523
PTET.51.1.G0190119		Early repression	298,1567737
PTET.51.1.G0190120		Early repression	497,9674265
PTET.51.1.G0190121		none	119,5822219
PTET.51.1.G0190122	GO:0006413	none	5042,344739
PTET.51.1.G0190123		none	81,82137111
PTET.51.1.G0190124		none	658,9642633
PTET.51.1.G0190125		none	69,4045837
PTET.51.1.G0190126		Early repression	14,54074905
PTET.51.1.G0190127		none	92,53944493
PTET.51.1.G0190128		Early repression	1999,972443
PTET.51.1.G0190129		Late repression	92,79938719
PTET.51.1.G0190130		Late repression	1259,869646
PTET.51.1.G0190131	GO:0006412	Early repression	3819,626874
PTET.51.1.G0190132		Early repression	243,5046925
PTET.51.1.G0190133	GO:0016567	Early repression	900,6653589
PTET.51.1.G0190134		Late repression	26,18388506
PTET.51.1.G0190135		Late repression	140,5201832
PTET.51.1.G0190136		none	509,1865141
PTET.51.1.G0190137	GO:0055085	Early repression	64,48467003
PTET.51.1.G0190138		Early repression	356,9178369
PTET.51.1.G0190139	GO:0045454	Late repression	649,2907579
PTET.51.1.G0190140	GO:0006511	none	130,3850603
PTET.51.1.G0190141	GO:0006511	none	43,6405951
PTET.51.1.G0190142		none	348,0222955
PTET.51.1.G0190143		Late induction	37,18995614
PTET.51.1.G0190144		none	67,10555687
PTET.51.1.G0190145	GO:0006355	none	129,9722462
PTET.51.1.G0190146	GO:0006412	none	5640,756954
PTET.51.1.G0190147		none	204,5175097
PTET.51.1.G0190148		none	832,770282
PTET.51.1.G0190149		Early repression	393,7653485
PTET.51.1.G0190150		Early repression	36,4849564
PTET.51.1.G0190151		Early repression	157,6071696
PTET.51.1.G0190152	GO:0006464	Early peak	95,64405506
PTET.51.1.G0190153		none	693,2109091
PTET.51.1.G0190154		none	105,5856664
PTET.51.1.G0190155		none	14,3903726
PTET.51.1.G0190156		none	3,809568939
PTET.51.1.G0190157		Intermediate peak	104,5811137
PTET.51.1.G0190158	GO:0006813	none	170,649696
PTET.51.1.G0190159		Early peak	30,59590295
PTET.51.1.G0190160		none	36,38390071
PTET.51.1.G0190161		none	22,29381097
PTET.51.1.G0190162		Early repression	9,791518032
PTET.51.1.G0190163	GO:0006260	Late repression	367,2683832
PTET.51.1.G0190164	GO:0000160	none	73,26407171
PTET.51.1.G0190165		Early repression	739,6161565
PTET.51.1.G0190166		none	137,6524243
PTET.51.1.G0190167		none	226,7485858
PTET.51.1.G0190168		none	20,36354249
PTET.51.1.G0190169	GO:0006811	none	74,05886104
PTET.51.1.G0190170		Late induction	66,91437294
PTET.51.1.G0190171		none	13,17948744
PTET.51.1.G0190172	GO:0006811	none	26,50497539
PTET.51.1.G0190173		none	61,5075878
PTET.51.1.G0190174		none	193,0491317
PTET.51.1.G0190175		none	20,46184686
PTET.51.1.G0190176		none	13,89760053
PTET.51.1.G0190177		none	0
PTET.51.1.G0190178		none	17,38035661
PTET.51.1.G0190179		Late induction	30,61777742
PTET.51.1.G0190180		none	10,05111582
PTET.51.1.G0190181		none	8,675572963
PTET.51.1.G0190182		none	64,05569774
PTET.51.1.G0190183		none	678,0871801
PTET.51.1.G0190184		Late repression	62,68101465
PTET.51.1.G0190185		none	1,543188614
PTET.51.1.G0190186		none	70,68843437
PTET.51.1.G0190187		none	45,51410805
PTET.51.1.G0190188		none	142,8878134
PTET.51.1.G0190189		Early repression	236,1357973
PTET.51.1.G0190190		none	49,7078199
PTET.51.1.G0190191		none	0
PTET.51.1.G0190192		none	63,11574042
PTET.51.1.G0190193	GO:0006355	none	157,3770095
PTET.51.1.G0190194		none	3,12846419
PTET.51.1.G0190195		none	594,8733951
PTET.51.1.G0190196		none	71,26253826
PTET.51.1.G0190197		none	6,493038884
PTET.51.1.G0190198	GO:0055085	Early repression	315,3407587
PTET.51.1.G0190199	GO:0006468	none	53,60835621
PTET.51.1.G0190200		none	24,58079006
PTET.51.1.G0190201	GO:0006470	Early peak	54,79424642
PTET.51.1.G0190202		none	61,14173217
PTET.51.1.G0190203		Early repression	129,6725737
PTET.51.1.G0190204	GO:0006468	none	86,81016972
PTET.51.1.G0190205	GO:0006886	Late repression	38,8729482
PTET.51.1.G0190206		Early repression	730,0976624
PTET.51.1.G0190207		Early peak	31,43650909
PTET.51.1.G0190208	GO:0006468	none	29,03605826
PTET.51.1.G0190209		none	5447,454232
PTET.51.1.G0190210		none	57,9874386
PTET.51.1.G0190211		none	81,80611589
PTET.51.1.G0190212		none	106,2757688
PTET.51.1.G0190213		Late repression	42,52756008
PTET.51.1.G0190214		none	0
PTET.51.1.G0190215	GO:0006468	Early peak	48,56991997
PTET.51.1.G0190216		Late induction	687,8134502
PTET.51.1.G0190217		none	122,8343163
PTET.51.1.G0190218	GO:0006661	none	3,193791748
PTET.51.1.G0190219		Late peak	98,19774805
PTET.51.1.G0190220		none	196,2279241
PTET.51.1.G0190221	GO:0006974	none	318,7183056
PTET.51.1.G0190222		Early repression	223,6851896
PTET.51.1.G0190223		Late induction	110,3945185
PTET.51.1.G0190224		none	153,3939787
PTET.51.1.G0190225		none	5,498765287
PTET.51.1.G0190226		Early peak	110,0919825
PTET.51.1.G0190227		Intermediate peak	73,86799603
PTET.51.1.G0190228		none	120,6378411
PTET.51.1.G0190229		none	7,253347887
PTET.51.1.G0190230		Early peak	588,5900157
PTET.51.1.G0190231	GO:0006303	Early peak	130,3815294
PTET.51.1.G0190232		none	192,2433181
PTET.51.1.G0190233	GO:0016226	none	470,7526476
PTET.51.1.G0190234	GO:0006468	none	96,4144735
PTET.51.1.G0190235		none	52,08845522
PTET.51.1.G0190236		none	792,2851753
PTET.51.1.G0190237		none	102,7613584
PTET.51.1.G0190238		Late repression	0
PTET.51.1.G0190239	GO:0008643	Early repression	84,54609834
PTET.51.1.G0190240		none	31,85242124
PTET.51.1.G0190241		none	250,4102613
PTET.51.1.G0190242		Early repression	160,4980998
PTET.51.1.G0190243		none	48,51978404
PTET.51.1.G0190244		Intermediate peak	27,90251845
PTET.51.1.G0190245		none	106,5904576
PTET.51.1.G0190246		none	160,3261667
PTET.51.1.G0190247		none	80,55297125
PTET.51.1.G0190248		Late repression	3911,31187
PTET.51.1.G0190249		Late induction	55,57140337
PTET.51.1.G0190250		none	39,7948914
PTET.51.1.G0190251		Late repression	180,3578451
PTET.51.1.G0190252		none	101,4156164
PTET.51.1.G0190253		none	299,7687339
PTET.51.1.G0190254		Intermediate peak	144,6539392
PTET.51.1.G0190255		Early peak	114,6092872
PTET.51.1.G0190256		none	193,8979658
PTET.51.1.G0190257		Late induction	85,34724517
PTET.51.1.G0190258		Late repression	216,2412198
PTET.51.1.G0190259	GO:0055114	none	24583,78032
PTET.51.1.G0190260	GO:0006468	none	516,6125434
PTET.51.1.G0190261	GO:0007166	none	278,4898088
PTET.51.1.G0190262	GO:0006810	Late repression	195,228198
PTET.51.1.G0190263		Early peak	129,8666537
PTET.51.1.G0190264		none	372,7152369
PTET.51.1.G0190265	GO:0006468	none	155,9818036
PTET.51.1.G0190266		none	147,7485771
PTET.51.1.G0190267		none	0
PTET.51.1.G0190268	GO:0006468	none	148,2533348
PTET.51.1.G0190269	GO:0006468	none	162,4394868
PTET.51.1.G0190270		none	10,34876887
PTET.51.1.G0190271		none	45,61737318
PTET.51.1.G0190272		none	33,45718647
PTET.51.1.G0190273		Late repression	202,9657675
PTET.51.1.G0190274	GO:0015991	none	244,2570621
PTET.51.1.G0190275	GO:0006508	none	195,5634663
PTET.51.1.G0190276		none	60,35529375
PTET.51.1.G0190277		Early peak	49,21143974
PTET.51.1.G0190278		none	90,04519581
PTET.51.1.G0190279		Early peak	55,56475686
PTET.51.1.G0190280		Late repression	49,54678349
PTET.51.1.G0190281		none	485,1004111
PTET.51.1.G0190282		none	56,70511813
PTET.51.1.G0190283		none	711,3638701
PTET.51.1.G0190284		Intermediate peak	68,71713735
PTET.51.1.G0190285		Early repression	181,7535976
PTET.51.1.G0190286		none	895,9625253
PTET.51.1.G0190287		Late repression	138,0204789
PTET.51.1.G0190288		Late induction	31,22550269
PTET.51.1.G0190289		none	79,59493924
PTET.51.1.G0190290		Early peak	897,3137007
PTET.51.1.G0190291		Early peak	130,8522297
PTET.51.1.G0190292	GO:0007049	Early peak	883,360046
PTET.51.1.G0190293		Late repression	180,1546669
PTET.51.1.G0190294		Late induction	13,10597231
PTET.51.1.G0190295		Late repression	624,5737916
PTET.51.1.G0190296	GO:0007165	none	41,28742832
PTET.51.1.G0190297		Late induction	194,0588689
PTET.51.1.G0190298		none	37,50146176
PTET.51.1.G0190299		none	55,7530769
PTET.51.1.G0190300		none	3519,338761
PTET.51.1.G0190301		Late repression	61,38554058
PTET.51.1.G0190302		none	2678,417654
PTET.51.1.G0190303		none	66,45289451
PTET.51.1.G0190304		none	22,12271105
PTET.51.1.G0190305		none	281,3031372
PTET.51.1.G0190306		none	85,53872964
PTET.51.1.G0190307		Late repression	172,4967724
PTET.51.1.G0190308		none	154,9551034
PTET.51.1.G0190309		Late repression	438,4455758
PTET.51.1.G0190310	GO:0006468	none	56,59893228
PTET.51.1.G0190311		none	11,02984169
PTET.51.1.G0190312		Early peak	28,15617771
PTET.51.1.G0190313		none	3000,477812
PTET.51.1.G0190314		Intermediate peak	636,0427704
PTET.51.1.G0190315		Intermediate peak	710,0253508
PTET.51.1.G0190316		Late induction	1699,050664
PTET.51.1.G0190317		none	69,84519095
PTET.51.1.G0190318		Late repression	398,2221219
PTET.51.1.G0190319	GO:0006412	none	17328,0497
PTET.51.1.G0190320		none	0
PTET.51.1.G0190321		Intermediate peak	116,1570823
PTET.51.1.G0190322		Intermediate peak	783,1948281
PTET.51.1.G0190323		none	52,25611177
PTET.51.1.G0190324		Intermediate peak	226,68299
PTET.51.1.G0190325	GO:0006259	Late induction	198,107881
PTET.51.1.G0190326	GO:0006468	Late repression	96,80676357
PTET.51.1.G0190327		none	45,88414145
PTET.51.1.G0190328		none	112,3523415
PTET.51.1.G0190329		Late induction	199,7232899
PTET.51.1.G0190330		none	192,1918116
PTET.51.1.G0190331		none	292,0417439
PTET.51.1.G0190332		Late repression	168,0640065
PTET.51.1.G0190333	GO:0006468	none	383,2630209
PTET.51.1.G0190334		none	20,94103819
PTET.51.1.G0190335	GO:0006468	none	138,3743776
PTET.51.1.G0190336		none	5,672490014
PTET.51.1.G0190337		none	61,15220942
PTET.51.1.G0190338		none	47,11318095
PTET.51.1.G0190339	GO:0006468	none	140,9876152
PTET.51.1.G0190340		Early repression	99,042598
PTET.51.1.G0190341		none	8,232547998
PTET.51.1.G0190342		none	153,4739684
PTET.51.1.G0190343	GO:0006281	none	1304,394912
PTET.51.1.G0190344		Early peak	0
PTET.51.1.G0190345		Early peak	56,75772705
PTET.51.1.G0190346		Early peak	28,44058354
PTET.51.1.G0190347		Intermediate peak	691,3744181
PTET.51.1.G0190348		none	63,35139984
PTET.51.1.G0190349	GO:0006468	Late repression	251,7895377
PTET.51.1.G0190350		none	116,1759404
PTET.51.1.G0190351		none	31,76594408
PTET.51.1.G0190352		none	23,96932762
PTET.51.1.G0190353		Late induction	190,3703741
PTET.51.1.G0190354		none	5,354231498
